tweet-sno-1255,Q0,vclaim-sno-swimming-pool-wonderful-life,1,0.8081388053450379,elastic_search
tweet-sno-1376,Q0,vclaim-sno-amy-coney-barrett-rhodes-scholar,1,0.49297062561528393,elastic_search
tweet-sno-1376,Q0,vclaim-sno-amy-coney-barrett-fly,1,0.4615919637826869,elastic_search
tweet-sno-1376,Q0,vclaim-sno-rnc-chairwoman-deleted-tweet,1,0.43087558964791256,elastic_search
tweet-sno-1376,Q0,vclaim-sno-girl-scouts-congratulate-barrett,1,0.3996642626782878,elastic_search
tweet-sno-1256,Q0,vclaim-sno-retro-mcdonalds,1,0.40309105204034323,elastic_search
tweet-sno-1256,Q0,vclaim-sno-is-a-utah-schools-event-barring-girls-from-refusing-boys-dance-requests,1,0.38354878725356817,elastic_search
tweet-sno-1256,Q0,vclaim-sno-chick-fil-a-sunday-tradition,1,0.3535049677979011,elastic_search
tweet-sno-1256,Q0,vclaim-sno-can-you-hear-me-scam,1,0.35097230048765665,elastic_search
tweet-sno-1256,Q0,vclaim-sno-joanna-gaines-pregnant,1,0.34236840445500927,elastic_search
tweet-sno-1377,Q0,vclaim-sno-wegmans-facebook-coupon-scam,1,1.134566481036601,elastic_search
tweet-sno-1377,Q0,vclaim-sno-80-trump-ballots-burned,1,1.0943062186220351,elastic_search
tweet-sno-1377,Q0,vclaim-sno-nike-workers-pay-kaepernick,1,1.0675786454431935,elastic_search
tweet-sno-1377,Q0,vclaim-sno-gun-homicides-disputes,1,1.0573366459417997,elastic_search
tweet-sno-1377,Q0,vclaim-sno-80-percent-atlanta-gay,1,1.0562341589395,elastic_search
tweet-sno-1253,Q0,vclaim-sno-keanu-reeves-road-to-heaven-quote,1,0.6112365559966406,elastic_search
tweet-sno-1253,Q0,vclaim-sno-trump-covid-19-deaths-hurt,1,0.5890337849635509,elastic_search
tweet-sno-1253,Q0,vclaim-sno-susan-collins-fake-quote,1,0.5158008718906075,elastic_search
tweet-sno-1253,Q0,vclaim-sno-msnbc-hope-coronavirus-kills,1,0.46872118016047365,elastic_search
tweet-sno-1253,Q0,vclaim-sno-lincoln-last-words,1,0.4479928846989369,elastic_search
tweet-sno-1374,Q0,vclaim-sno-cheesecake-factory-closing-rumor,1,0.8188971508979489,elastic_search
tweet-sno-1254,Q0,vclaim-sno-david-hogg-attend-california-high-school,1,0.4425204440946895,elastic_search
tweet-sno-1254,Q0,vclaim-sno-student-suspended-pretending-transgender-locker-room,1,0.45058680430251286,elastic_search
tweet-sno-1254,Q0,vclaim-sno-covington-catholic-black-paint,1,0.44906679486901635,elastic_search
tweet-sno-1254,Q0,vclaim-sno-lancaster-high-school-beating,1,0.3982610340150189,elastic_search
tweet-sno-1254,Q0,vclaim-sno-high-school-confidential-2,1,0.37095876709720466,elastic_search
tweet-sno-1375,Q0,vclaim-sno-cheesecake-factory-closing-rumor,1,0.8491673362945525,elastic_search
tweet-sno-1251,Q0,vclaim-sno-georgia-ballots-likely-ineligible,1,0.4721655686147105,elastic_search
tweet-sno-1251,Q0,vclaim-sno-pennsylvania-205000-votes,1,0.4658196761191054,elastic_search
tweet-sno-1372,Q0,vclaim-sno-cheesecake-factory-closing-rumor,1,0.6676251921493609,elastic_search
tweet-sno-1252,Q0,vclaim-sno-covid-result-holiday-gatherings,1,0.7242015453187091,elastic_search
tweet-sno-1373,Q0,vclaim-sno-cheesecake-factory-closing-rumor,1,0.5204650901153234,elastic_search
tweet-sno-1370,Q0,vclaim-sno-cheesecake-factory-closing-rumor,1,0.5630555895749509,elastic_search
tweet-sno-1250,Q0,vclaim-sno-pennsylvania-205000-votes,1,0.4178828171343194,elastic_search
tweet-sno-1371,Q0,vclaim-sno-cheesecake-factory-closing-rumor,1,0.7302326301510681,elastic_search
tweet-sno-1259,Q0,vclaim-sno-vatican-nativity,1,0.744187780155407,elastic_search
tweet-sno-1257,Q0,vclaim-sno-graham-buttigieg-repent,1,0.770350065462075,elastic_search
tweet-sno-1378,Q0,vclaim-sno-isis-called-for-assassination-of-barron-trump,1,0.3398715049827874,elastic_search
tweet-sno-1378,Q0,vclaim-sno-trump-biden-assassination-shot,1,0.2892885137881376,elastic_search
tweet-sno-1258,Q0,vclaim-sno-tom-brady-ppp,1,0.557768573557276,elastic_search
tweet-sno-1258,Q0,vclaim-sno-osteen-coronavirus-loan,1,0.3996333691833924,elastic_search
tweet-sno-1379,Q0,vclaim-sno-biden-admit-voter-fraud,1,0.5332154006541083,elastic_search
tweet-sno-1266,Q0,vclaim-sno-popular-vote-totals-rigged,1,0.6157676122488845,elastic_search
tweet-sno-1387,Q0,vclaim-sno-kennedy-nixon-virtual-debate-1960,1,0.5847915307009781,elastic_search
tweet-sno-1267,Q0,vclaim-sno-the-north-face-refuse-jackets,1,0.5553185185109359,elastic_search
tweet-sno-1388,Q0,vclaim-sno-karen-pence-mask-debate,1,0.42866051242446845,elastic_search
tweet-sno-1264,Q0,vclaim-sno-schitts-creek-motel-seattle,1,0.42065098683489366,elastic_search
tweet-sno-1385,Q0,vclaim-sno-jane-fonda-covid-gods-gift,1,0.675659456638677,elastic_search
tweet-sno-1265,Q0,vclaim-sno-schitts-creek-motel-seattle,1,0.8277558524676089,elastic_search
tweet-sno-1386,Q0,vclaim-sno-harris-biden-blog-post,1,0.5859993320047956,elastic_search
tweet-sno-1386,Q0,vclaim-sno-kamala-harris-call-biden-racist,1,0.49430709371725734,elastic_search
tweet-sno-1386,Q0,vclaim-sno-biden-ban-fracking,1,0.4422627219802369,elastic_search
tweet-sno-1262,Q0,vclaim-sno-obama-reporter-press-conference,1,0.3809746606434118,elastic_search
tweet-sno-1262,Q0,vclaim-sno-extraterrestrial-material-asteroid,1,0.3058412524567776,elastic_search
tweet-sno-1383,Q0,vclaim-sno-mitch-mcconnells-hands,1,0.5664379573360584,elastic_search
tweet-sno-1263,Q0,vclaim-sno-supreme-court-erupt-shouting-match,1,0.6600217104413635,elastic_search
tweet-sno-1384,Q0,vclaim-sno-nurse-gop-convention-shooting,1,0.23732659972271045,elastic_search
tweet-sno-1260,Q0,vclaim-sno-cyberpunk-2077-refunds,1,0.876185969824425,elastic_search
tweet-sno-1381,Q0,vclaim-sno-wegmans-facebook-coupon-scam,1,1.1342304755591182,elastic_search
tweet-sno-1381,Q0,vclaim-sno-80-trump-ballots-burned,1,1.0971365620913234,elastic_search
tweet-sno-1381,Q0,vclaim-sno-80-percent-atlanta-gay,1,1.0592459667878151,elastic_search
tweet-sno-1381,Q0,vclaim-sno-nike-workers-pay-kaepernick,1,1.064811092829236,elastic_search
tweet-sno-1381,Q0,vclaim-sno-does-luxottica-own-80-of-the-eyeglass-industry,1,1.0484026387792147,elastic_search
tweet-sno-1261,Q0,vclaim-sno-cyberpunk-2077-refunds,1,1.2418859954716148,elastic_search
tweet-sno-1382,Q0,vclaim-sno-netanyahu-2016,1,0.3339753113119642,elastic_search
tweet-sno-1382,Q0,vclaim-sno-un-demands-slavery-reparations,1,0.34234122981112625,elastic_search
tweet-sno-1382,Q0,vclaim-sno-netanyahu-2016-2,1,0.31656865016879077,elastic_search
tweet-sno-1382,Q0,vclaim-sno-obama-we-deserved-911,1,0.3201655857244748,elastic_search
tweet-sno-1382,Q0,vclaim-sno-did-germany-release-statement-denouncing-u-s,1,0.2958210146505396,elastic_search
tweet-sno-1268,Q0,vclaim-sno-alex-jones-biden-removed,1,0.9349416814735295,elastic_search
tweet-sno-1389,Q0,vclaim-sno-trump-sign-hollywood-los-angeles,1,0.3405257782023118,elastic_search
tweet-sno-1269,Q0,vclaim-sno-allstate-island-real,1,0.5122346685296882,elastic_search
tweet-sno-1380,Q0,vclaim-sno-biden-tweet-pandemic,1,0.43326544036618697,elastic_search
tweet-sno-1277,Q0,vclaim-sno-apartment-radiator-pandemic-spread,1,0.7876974784625839,elastic_search
tweet-sno-1398,Q0,vclaim-sno-amy-coney-barrett-rhodes-scholar,1,1.17686794792749,elastic_search
tweet-sno-1278,Q0,vclaim-sno-noodles-freeze-cold-weather,1,0.44654216937693525,elastic_search
tweet-sno-1278,Q0,vclaim-sno-mcdonalds-breakfast-frozen-eggs,1,0.37712378539047586,elastic_search
tweet-sno-1399,Q0,vclaim-sno-biden-fail-condemn-antifa,1,0.3481273347901218,elastic_search
tweet-sno-1275,Q0,vclaim-sno-costco-rotisserie-chicken-cheap,1,1.4495323799187896,elastic_search
tweet-sno-1396,Q0,vclaim-sno-bikers-trump-praying-walter-reed,1,0.31925082948199085,elastic_search
tweet-sno-1276,Q0,vclaim-sno-ia-fl-oh-election-loss,1,0.838003541516174,elastic_search
tweet-sno-1397,Q0,vclaim-sno-wegmans-facebook-coupon-scam,1,0.34880394320736735,elastic_search
tweet-sno-1397,Q0,vclaim-sno-80-trump-ballots-burned,1,0.3316375745783068,elastic_search
tweet-sno-1397,Q0,vclaim-sno-nike-workers-pay-kaepernick,1,0.32710434421348056,elastic_search
tweet-sno-1397,Q0,vclaim-sno-heb-coupon-scam,1,0.3234149299241899,elastic_search
tweet-sno-1397,Q0,vclaim-sno-80-percent-atlanta-gay,1,0.3228636039464023,elastic_search
tweet-sno-1273,Q0,vclaim-sno-when-is-hocus-pocus-2-coming-out,1,0.5879684687159688,elastic_search
tweet-sno-1394,Q0,vclaim-sno-republican-dean-browning-gay,1,0.3767642805736181,elastic_search
tweet-sno-1394,Q0,vclaim-sno-pete-hegseth-germs-not-real,1,0.34514708496626556,elastic_search
tweet-sno-1394,Q0,vclaim-sno-gay-men-proud-boys-hashtag,1,0.3448870804855504,elastic_search
tweet-sno-1274,Q0,vclaim-sno-chick-fil-a-long-lines-lawsuit,1,0.7125077846038281,elastic_search
tweet-sno-1395,Q0,vclaim-sno-gay-men-proud-boys-hashtag,1,0.9088706131341485,elastic_search
tweet-sno-1271,Q0,vclaim-sno-federal-holiday-christmas-eve,1,0.8264654882076519,elastic_search
tweet-sno-1392,Q0,vclaim-sno-biden-pandemic-black-women-grocery,1,0.5267169595768425,elastic_search
tweet-sno-1272,Q0,vclaim-sno-disney-sister-act-3,1,0.6395353035092818,elastic_search
tweet-sno-1393,Q0,vclaim-sno-clinton-mccabe-donation,1,0.9658414357787893,elastic_search
tweet-sno-1279,Q0,vclaim-sno-gohmert-tooth-fall-out,1,0.766406560330332,elastic_search
tweet-sno-1390,Q0,vclaim-sno-kamala-harris-protests,1,1.7756358660122664,elastic_search
tweet-sno-1270,Q0,vclaim-sno-allstate-island-real,1,0.43481701062769973,elastic_search
tweet-sno-1391,Q0,vclaim-sno-biden-trump-dregs-society,1,0.9157183575307306,elastic_search
tweet-sno-1288,Q0,vclaim-sno-my-pleasure-chick-fil-a,1,0.9606275645771692,elastic_search
tweet-sno-1289,Q0,vclaim-sno-my-pleasure-chick-fil-a,1,0.7431809422649129,elastic_search
tweet-sno-1286,Q0,vclaim-sno-nasa-sally-ride-100-tampons,1,0.8700673183170307,elastic_search
tweet-sno-1287,Q0,vclaim-sno-nike-workers-pay-kaepernick,1,0.7044484182087877,elastic_search
tweet-sno-1287,Q0,vclaim-sno-wegmans-facebook-coupon-scam,1,0.682556909632752,elastic_search
tweet-sno-1287,Q0,vclaim-sno-mcdonalds-employee-smuggles-mcnuggets,1,0.6527731532962116,elastic_search
tweet-sno-1287,Q0,vclaim-sno-80-trump-ballots-burned,1,0.6650087067110333,elastic_search
tweet-sno-1287,Q0,vclaim-sno-publix-coupon-scam,1,0.6493808550634605,elastic_search
tweet-sno-1284,Q0,vclaim-sno-indiana-jones-saxophone,1,0.6813489600119482,elastic_search
tweet-sno-1285,Q0,vclaim-sno-seattle-police-confiscate-mans-guns-without-warrant,1,0.4245370117429571,elastic_search
tweet-sno-1285,Q0,vclaim-sno-orange-is-the-new-mac-10,1,0.3764776917970029,elastic_search
tweet-sno-1285,Q0,vclaim-sno-kamala-harris-protests,1,0.3509157741814359,elastic_search
tweet-sno-1285,Q0,vclaim-sno-trump-art-of-the-deal,1,0.33660658927586484,elastic_search
tweet-sno-1285,Q0,vclaim-sno-ken-karen-weapons-protesters,1,0.3174239755260872,elastic_search
tweet-sno-1282,Q0,vclaim-sno-indiana-jones-saxophone,1,0.6061662105054456,elastic_search
tweet-sno-1283,Q0,vclaim-sno-indiana-jones-saxophone,1,0.6125380222878123,elastic_search
tweet-sno-1280,Q0,vclaim-sno-biden-harris-disease-disagreed,1,1.804879484339044,elastic_search
tweet-sno-1281,Q0,vclaim-sno-indiana-jones-saxophone,1,0.5037080219187047,elastic_search
tweet-sno-1299,Q0,vclaim-sno-are-there-871-convicted-felons-currently-playing-for-the-nfl,1,0.2901795726482765,elastic_search
tweet-sno-1299,Q0,vclaim-sno-monolith-california,1,0.2367790001777795,elastic_search
tweet-sno-1297,Q0,vclaim-sno-flash-player-no-longer-supported,1,0.6796830863869008,elastic_search
tweet-sno-1298,Q0,vclaim-sno-santa-covid-exemption-ireland,1,0.5530477586331665,elastic_search
tweet-sno-1295,Q0,vclaim-sno-flash-player-no-longer-supported,1,0.47085375265916196,elastic_search
tweet-sno-1296,Q0,vclaim-sno-flash-player-no-longer-supported,1,0.4308007806034669,elastic_search
tweet-sno-1293,Q0,vclaim-sno-georgia-food-water-voters-line,1,0.2328666660595494,elastic_search
tweet-sno-1293,Q0,vclaim-sno-breatharians,1,0.18547433344345365,elastic_search
tweet-sno-1293,Q0,vclaim-sno-christian-owned-airlines-change-wing-light-colors-to-celebrate-christmas,1,0.16486265832010014,elastic_search
tweet-sno-1293,Q0,vclaim-sno-chick-fil-a-sunday-tradition,1,0.14433912919921293,elastic_search
tweet-sno-1294,Q0,vclaim-sno-drake-scented-candles,1,0.6608266458448679,elastic_search
tweet-sno-1291,Q0,vclaim-sno-biden-covid-vaccine,1,0.7460531357169122,elastic_search
tweet-sno-1292,Q0,vclaim-sno-matt-putz,1,0.7813700061187596,elastic_search
tweet-sno-1290,Q0,vclaim-sno-my-pleasure-chick-fil-a,1,0.8338891120812297,elastic_search
tweet-sno-1400,Q0,vclaim-sno-trump-condemn-white-supremacists,1,0.8042144741878959,elastic_search
tweet-sno-1401,Q0,vclaim-sno-trump-back-to-africa,1,0.38776325193428574,elastic_search
tweet-sno-1401,Q0,vclaim-sno-joe-biden-beat-biden,1,0.33322906133234204,elastic_search
tweet-sno-1401,Q0,vclaim-sno-facebook-look-back,1,0.32034025542302413,elastic_search
tweet-sno-1401,Q0,vclaim-sno-joe-biden-roe-v-wade-quote,1,0.2858477252594252,elastic_search
tweet-sno-1401,Q0,vclaim-sno-london-knife-crime-muslims,1,0.2786108157046203,elastic_search
tweet-sno-1300,Q0,vclaim-sno-king-louis-xiv-fetish-birth,1,0.6503780113289274,elastic_search
tweet-sno-1307,Q0,vclaim-sno-trump-detroit-voters-2020,1,0.3122386738347243,elastic_search
tweet-sno-1308,Q0,vclaim-sno-trump-pardon-turkey-election,1,1.0590504387371786,elastic_search
tweet-sno-1305,Q0,vclaim-sno-leonardo-dicaprio-woodstock-illinois,1,0.3867926231576815,elastic_search
tweet-sno-1305,Q0,vclaim-sno-scarface-remake-leonardo-dicaprio,1,0.35411554459793165,elastic_search
tweet-sno-1305,Q0,vclaim-sno-leonardo-dicaprio-trump,1,0.35232757005223275,elastic_search
tweet-sno-1305,Q0,vclaim-sno-leonardo-dicaprio-disney-channel,1,0.33987821916809835,elastic_search
tweet-sno-1306,Q0,vclaim-sno-80-percent-atlanta-gay,1,0.5160061987289007,elastic_search
tweet-sno-1306,Q0,vclaim-sno-alan-rickman-potter-meme,1,0.45377313015619647,elastic_search
tweet-sno-1306,Q0,vclaim-sno-wegmans-facebook-coupon-scam,1,0.45935555269701184,elastic_search
tweet-sno-1306,Q0,vclaim-sno-80-trump-ballots-burned,1,0.4499754795751508,elastic_search
tweet-sno-1306,Q0,vclaim-sno-aclu-trump-used-the-word-america,1,0.4352810657271764,elastic_search
tweet-sno-1303,Q0,vclaim-sno-transgender-teen-wrestling-title,1,0.16632967404974994,elastic_search
tweet-sno-1303,Q0,vclaim-sno-canadian-teen-satellite-maps,1,0.16208651909994767,elastic_search
tweet-sno-1303,Q0,vclaim-sno-pepsis-got-a-lot-to-give,1,0.15511847052636368,elastic_search
tweet-sno-1303,Q0,vclaim-sno-george-soros-trump-will-win-popular-vote-by-a-landslide-but-clinton-victory-a-done-deal,1,0.14040252682856333,elastic_search
tweet-sno-1303,Q0,vclaim-sno-ia-fl-oh-election-loss,1,0.13604095221109322,elastic_search
tweet-sno-1304,Q0,vclaim-sno-leonardo-dicaprio-disney-channel,1,0.38984950406779006,elastic_search
tweet-sno-1301,Q0,vclaim-sno-loser-lawn-trump-golf-course,1,0.4525260959079757,elastic_search
tweet-sno-1302,Q0,vclaim-sno-johns-hopkins-covid-deaths,1,0.6796627851543786,elastic_search
tweet-sno-1310,Q0,vclaim-sno-florida-air-force-robotic-dogs,1,0.4904584503335306,elastic_search
tweet-sno-1311,Q0,vclaim-sno-20000-dead-voters-in-pennsylvania,1,0.6818624433550294,elastic_search
tweet-sno-1318,Q0,vclaim-sno-floyd-county-georgia-votes,1,0.4071196737075093,elastic_search
tweet-sno-1319,Q0,vclaim-sno-floyd-county-georgia-votes,1,0.7216960485089413,elastic_search
tweet-sno-1316,Q0,vclaim-sno-80-trump-ballots-burned,1,0.926104770335033,elastic_search
tweet-sno-1316,Q0,vclaim-sno-nike-workers-pay-kaepernick,1,0.9252120999729769,elastic_search
tweet-sno-1316,Q0,vclaim-sno-wegmans-facebook-coupon-scam,1,0.909301357934236,elastic_search
tweet-sno-1316,Q0,vclaim-sno-gun-homicides-disputes,1,0.8418864550400013,elastic_search
tweet-sno-1316,Q0,vclaim-sno-does-luxottica-own-80-of-the-eyeglass-industry,1,0.8393118637306941,elastic_search
tweet-sno-1317,Q0,vclaim-sno-cornyn-votes-puerto-rico,1,0.9530107643595103,elastic_search
tweet-sno-1314,Q0,vclaim-sno-dominion-servers-germany-seized,1,0.6000163353788599,elastic_search
tweet-sno-1315,Q0,vclaim-sno-dominion-servers-germany-seized,1,0.4864512208878719,elastic_search
tweet-sno-1312,Q0,vclaim-sno-owl-having-an-orgasm,1,0.24276698871251753,elastic_search
tweet-sno-1312,Q0,vclaim-sno-christmas-tree-owl,1,0.2358173705044414,elastic_search
tweet-sno-1313,Q0,vclaim-sno-wisconsin-vote-dump,1,0.44497671129973637,elastic_search
tweet-sno-1309,Q0,vclaim-sno-alaska-town-60-days-without-sun,1,0.5003389758610802,elastic_search
tweet-sno-1200,Q0,vclaim-sno-rothschild-family-wealth,1,0.33998852072018904,elastic_search
tweet-sno-1200,Q0,vclaim-sno-wegmans-facebook-coupon-scam,1,0.3463472224179183,elastic_search
tweet-sno-1200,Q0,vclaim-sno-80-trump-ballots-burned,1,0.3316382864071769,elastic_search
tweet-sno-1200,Q0,vclaim-sno-nike-workers-pay-kaepernick,1,0.3244160993071123,elastic_search
tweet-sno-1200,Q0,vclaim-sno-heb-coupon-scam,1,0.3218182847933732,elastic_search
tweet-sno-1321,Q0,vclaim-sno-newsmax-biden-pence,1,0.9060133838306796,elastic_search
tweet-sno-1201,Q0,vclaim-sno-biden-executive-order-dictator,1,0.7551994308655917,elastic_search
tweet-sno-1322,Q0,vclaim-sno-newsmax-biden-pence,1,0.9835063606151077,elastic_search
tweet-sno-1320,Q0,vclaim-sno-pennsylvania-trump-rally,1,0.26474807565179065,elastic_search
tweet-sno-1320,Q0,vclaim-sno-biden-120million-deaths-covid19,1,0.2629272478063785,elastic_search
tweet-sno-1320,Q0,vclaim-sno-biden-trump-inauguration-crowd,1,0.25278880794284636,elastic_search
tweet-sno-1320,Q0,vclaim-sno-joe-biden-movie-set-oval-office,1,0.24389207331797014,elastic_search
tweet-sno-1320,Q0,vclaim-sno-area-51-raid-images,1,0.23660467204435995,elastic_search
tweet-sno-1208,Q0,vclaim-sno-nike-workers-pay-kaepernick,1,0.4080086088948136,elastic_search
tweet-sno-1208,Q0,vclaim-sno-biden-tweet-pandemic,1,0.37465879603302754,elastic_search
tweet-sno-1208,Q0,vclaim-sno-gun-homicides-disputes,1,0.34370405936647397,elastic_search
tweet-sno-1208,Q0,vclaim-sno-80-trump-ballots-burned,1,0.3434595608067028,elastic_search
tweet-sno-1208,Q0,vclaim-sno-wegmans-facebook-coupon-scam,1,0.34755272942478754,elastic_search
tweet-sno-1329,Q0,vclaim-sno-donald-trump-terrorism-tweet,1,0.11390871857822236,elastic_search
tweet-sno-1209,Q0,vclaim-sno-schumer-erection-senate-floor,1,0.412111436907546,elastic_search
tweet-sno-1206,Q0,vclaim-sno-trump-office-former-president,1,0.6425065068114805,elastic_search
tweet-sno-1327,Q0,vclaim-sno-lethal-indirection,1,0.4437660299573345,elastic_search
tweet-sno-1327,Q0,vclaim-sno-heart-attacks-and-water,1,0.39619260494449504,elastic_search
tweet-sno-1327,Q0,vclaim-sno-heart-attack-symptoms,1,0.3797027776942666,elastic_search
tweet-sno-1327,Q0,vclaim-sno-bedside-companion,1,0.35730965307617224,elastic_search
tweet-sno-1327,Q0,vclaim-sno-chevy-chase-death-hoax,1,0.34655260849238445,elastic_search
tweet-sno-1207,Q0,vclaim-sno-cocaine-smuggled-in-bananas,1,0.3862915944546689,elastic_search
tweet-sno-1328,Q0,vclaim-sno-einstein-technology-quote,1,0.30070110067683553,elastic_search
tweet-sno-1328,Q0,vclaim-sno-new-usps-mail-truck,1,0.28076292264242453,elastic_search
tweet-sno-1328,Q0,vclaim-sno-the-greediest-generation,1,0.25911347087086023,elastic_search
tweet-sno-1328,Q0,vclaim-sno-biden-appointees-immigrants,1,0.24114845972681326,elastic_search
tweet-sno-1328,Q0,vclaim-sno-speeding-ticket-frenzy,1,0.2256281546003028,elastic_search
tweet-sno-1204,Q0,vclaim-sno-biden-bans-china-virus,1,0.6955806762539649,elastic_search
tweet-sno-1325,Q0,vclaim-sno-raising-canes-chicken-bankruptcy,1,0.6448356514395414,elastic_search
tweet-sno-1205,Q0,vclaim-sno-trump-office-former-president,1,0.5781037791059385,elastic_search
tweet-sno-1326,Q0,vclaim-sno-raising-canes-chicken-bankruptcy,1,0.5637327006623167,elastic_search
tweet-sno-1202,Q0,vclaim-sno-morgan-freeman-death-hoax,1,0.7996272644255015,elastic_search
tweet-sno-1202,Q0,vclaim-sno-wegmans-facebook-coupon-scam,1,0.797474483184913,elastic_search
tweet-sno-1202,Q0,vclaim-sno-80-trump-ballots-burned,1,0.7755922824420759,elastic_search
tweet-sno-1202,Q0,vclaim-sno-gun-homicides-disputes,1,0.7516838077265685,elastic_search
tweet-sno-1202,Q0,vclaim-sno-80-percent-atlanta-gay,1,0.7469277871725114,elastic_search
tweet-sno-1323,Q0,vclaim-sno-newsmax-biden-pence,1,0.7609314243959149,elastic_search
tweet-sno-1203,Q0,vclaim-sno-obama-bald-eagle-bison,1,0.2789900140796596,elastic_search
tweet-sno-1203,Q0,vclaim-sno-trump-flag-symbol-love,1,0.19445716621467377,elastic_search
tweet-sno-1203,Q0,vclaim-sno-real-video-arrow-always-points-right,1,0.1933387833429071,elastic_search
tweet-sno-1203,Q0,vclaim-sno-biden-kneel-national-anthem,1,0.18558512456127732,elastic_search
tweet-sno-1203,Q0,vclaim-sno-national-capital,1,0.18827646971272785,elastic_search
tweet-sno-1324,Q0,vclaim-sno-rnc-chairwoman-deleted-tweet,1,0.4003737191662022,elastic_search
tweet-sno-1211,Q0,vclaim-sno-schumer-erection-senate-floor,1,0.7528058944156748,elastic_search
tweet-sno-1332,Q0,vclaim-sno-veterans-national-parks-lifetime,1,0.54677349339961,elastic_search
tweet-sno-1212,Q0,vclaim-sno-schumer-erection-senate-floor,1,0.3079463985659862,elastic_search
tweet-sno-1333,Q0,vclaim-sno-covid-vaccine-funded-by-trump,1,0.29467589921472964,elastic_search
tweet-sno-1330,Q0,vclaim-sno-ice-twitter-account-disappear,1,0.2363672024186711,elastic_search
tweet-sno-1210,Q0,vclaim-sno-schumer-erection-senate-floor,1,0.42177982576224665,elastic_search
tweet-sno-1331,Q0,vclaim-sno-ice-twitter-account-disappear,1,0.5832996245306351,elastic_search
tweet-sno-1219,Q0,vclaim-sno-twitter-marjorie-taylor-greene,1,0.6315339648229252,elastic_search
tweet-sno-1217,Q0,vclaim-sno-tesla-hiring-complaints-elon-musk,1,0.36318337208584084,elastic_search
tweet-sno-1338,Q0,vclaim-sno-bannon-fauci-wray-head-pikes,1,0.7901589252129371,elastic_search
tweet-sno-1218,Q0,vclaim-sno-drake-scented-candles,1,0.38270575141495167,elastic_search
tweet-sno-1218,Q0,vclaim-sno-chewed-out,1,0.308398067080854,elastic_search
tweet-sno-1218,Q0,vclaim-sno-crayon-candle,1,0.27272712032533,elastic_search
tweet-sno-1218,Q0,vclaim-sno-gwyneth-paltrow-vagina-candle,1,0.26871322216253607,elastic_search
tweet-sno-1218,Q0,vclaim-sno-do-scented-candles-cause-cancer,1,0.2505953032702923,elastic_search
tweet-sno-1339,Q0,vclaim-sno-gray-wolves-endangered-trump,1,0.366543098808215,elastic_search
tweet-sno-1215,Q0,vclaim-sno-bernice-king-mlk-day-instagram,1,0.5048366119512958,elastic_search
tweet-sno-1336,Q0,vclaim-sno-biden-major-dog-rescue-white-house,1,1.1385108456705,elastic_search
tweet-sno-1216,Q0,vclaim-sno-mypillow-discount-codes-qanon,1,0.6560686718008556,elastic_search
tweet-sno-1337,Q0,vclaim-sno-trump-tested-very-positively,1,0.4825913246006129,elastic_search
tweet-sno-1337,Q0,vclaim-sno-trump-tulsa-rally-covid19-test,1,0.4794048650605218,elastic_search
tweet-sno-1337,Q0,vclaim-sno-does-trump-weigh-322-pounds,1,0.41902862308711825,elastic_search
tweet-sno-1337,Q0,vclaim-sno-trumps-name-stimulus-checks,1,0.40251904639963626,elastic_search
tweet-sno-1337,Q0,vclaim-sno-twitter-cammo-trump-covid,1,0.3939495639063055,elastic_search
tweet-sno-1213,Q0,vclaim-sno-schumer-erection-senate-floor,1,0.3774393368939596,elastic_search
tweet-sno-1334,Q0,vclaim-sno-covid-vaccine-funded-by-trump,1,0.6021504007295364,elastic_search
tweet-sno-1214,Q0,vclaim-sno-80-trump-ballots-burned,1,0.4550487082977157,elastic_search
tweet-sno-1214,Q0,vclaim-sno-wegmans-facebook-coupon-scam,1,0.46107615494505494,elastic_search
tweet-sno-1214,Q0,vclaim-sno-gun-homicides-disputes,1,0.4422380979700563,elastic_search
tweet-sno-1214,Q0,vclaim-sno-80-percent-atlanta-gay,1,0.43966118725165765,elastic_search
tweet-sno-1214,Q0,vclaim-sno-rothschild-family-wealth,1,0.4341356237375376,elastic_search
tweet-sno-1335,Q0,vclaim-sno-biden-hat-trump-maga,1,0.4074468538656442,elastic_search
tweet-sno-1222,Q0,vclaim-sno-trump-jr-impeached-deplorable,1,0.41715712283893114,elastic_search
tweet-sno-1343,Q0,vclaim-sno-sharpie-trump-ballots-arizona,1,0.43272086417909295,elastic_search
tweet-sno-1223,Q0,vclaim-sno-armie-hammer-cannibal-lifestyle,1,0.6202387874937536,elastic_search
tweet-sno-1344,Q0,vclaim-sno-sharpie-trump-ballots-arizona,1,0.5625564790648324,elastic_search
tweet-sno-1220,Q0,vclaim-sno-burger-king-logo-new,1,0.9070944459794109,elastic_search
tweet-sno-1341,Q0,vclaim-sno-stop-the-count-chant,1,0.6171500227828882,elastic_search
tweet-sno-1221,Q0,vclaim-sno-covid-vaccine-throw-away,1,0.25836092810101574,elastic_search
tweet-sno-1342,Q0,vclaim-sno-trump-recount-battleground-states,1,0.8821374921989502,elastic_search
tweet-sno-1340,Q0,vclaim-sno-pa-worker-filling-ballots,1,0.4967226154736492,elastic_search
tweet-sno-1228,Q0,vclaim-sno-mary-miller-hitler,1,0.6749313606298263,elastic_search
tweet-sno-1349,Q0,vclaim-sno-rape-allegations-fabricated,1,1.1943333875181104,elastic_search
tweet-sno-1349,Q0,vclaim-sno-texas-voter-id-meme,1,1.0371697315600865,elastic_search
tweet-sno-1349,Q0,vclaim-sno-federal-rent-checks,1,1.0501012680370247,elastic_search
tweet-sno-1349,Q0,vclaim-sno-fdic-you,1,1.0463760058808753,elastic_search
tweet-sno-1349,Q0,vclaim-sno-99-problems-all-heart-related,1,1.0459614360258902,elastic_search
tweet-sno-1229,Q0,vclaim-sno-capitol-riot-no-fly-list,1,0.327597491525598,elastic_search
tweet-sno-1226,Q0,vclaim-sno-80-trump-ballots-burned,1,0.6085075964478888,elastic_search
tweet-sno-1226,Q0,vclaim-sno-federal-government-cancel-nike-contract,1,0.5907952755462612,elastic_search
tweet-sno-1226,Q0,vclaim-sno-wegmans-facebook-coupon-scam,1,0.5730870862991257,elastic_search
tweet-sno-1226,Q0,vclaim-sno-gun-homicides-disputes,1,0.541182900360682,elastic_search
tweet-sno-1226,Q0,vclaim-sno-80-percent-atlanta-gay,1,0.5402317347917043,elastic_search
tweet-sno-1347,Q0,vclaim-sno-big-gulp,1,0.7680024422991352,elastic_search
tweet-sno-1347,Q0,vclaim-sno-photograph-kayak-orcas,1,0.5811630187911433,elastic_search
tweet-sno-1347,Q0,vclaim-sno-sucker-punch,1,0.45987333015301574,elastic_search
tweet-sno-1347,Q0,vclaim-sno-humpback-whale-eat-kayaker,1,0.4483867839187312,elastic_search
tweet-sno-1227,Q0,vclaim-sno-wegmans-facebook-coupon-scam,1,0.46060884341013264,elastic_search
tweet-sno-1227,Q0,vclaim-sno-gun-homicides-disputes,1,0.4412361919992343,elastic_search
tweet-sno-1227,Q0,vclaim-sno-80-trump-ballots-burned,1,0.4406374515900874,elastic_search
tweet-sno-1227,Q0,vclaim-sno-nike-workers-pay-kaepernick,1,0.4330188661031601,elastic_search
tweet-sno-1227,Q0,vclaim-sno-does-luxottica-own-80-of-the-eyeglass-industry,1,0.4288603737181465,elastic_search
tweet-sno-1348,Q0,vclaim-sno-jackie-robinson-anthem,1,0.67237092751421,elastic_search
tweet-sno-1348,Q0,vclaim-sno-joe-you-know-i-won-letter-trump,1,0.6426026029313835,elastic_search
tweet-sno-1348,Q0,vclaim-sno-biden-black-athletes-green-mile,1,0.5767386568772834,elastic_search
tweet-sno-1224,Q0,vclaim-sno-indian-flag-capitol-riots,1,0.4086829595910038,elastic_search
tweet-sno-1345,Q0,vclaim-sno-sharpie-trump-ballots-arizona,1,0.40492011138241935,elastic_search
tweet-sno-1225,Q0,vclaim-sno-syringe-cakes,1,0.5093660092716052,elastic_search
tweet-sno-1346,Q0,vclaim-sno-photograph-kayak-orcas,1,0.318382546352909,elastic_search
tweet-sno-1346,Q0,vclaim-sno-big-gulp,1,0.3235478206850799,elastic_search
tweet-sno-1346,Q0,vclaim-sno-flesh-eating-bacteria-in-myrtle-beach,1,0.24724449859357236,elastic_search
tweet-sno-1346,Q0,vclaim-sno-beyond-the-grave,1,0.25934345538440134,elastic_search
tweet-sno-1346,Q0,vclaim-sno-10-meter-anaconda,1,0.23449122503920652,elastic_search
tweet-sno-1233,Q0,vclaim-sno-tomi-lahren-biden-supporters-loot,1,0.5739940063313722,elastic_search
tweet-sno-1354,Q0,vclaim-sno-hunter-biden-flipped-fbi,1,0.4768708316603035,elastic_search
tweet-sno-1234,Q0,vclaim-sno-get-out-the-vote,1,0.38125814831078386,elastic_search
tweet-sno-1234,Q0,vclaim-sno-schumer-erection-senate-floor,1,0.3323921523947736,elastic_search
tweet-sno-1234,Q0,vclaim-sno-80-trump-ballots-burned,1,0.2987464605385253,elastic_search
tweet-sno-1234,Q0,vclaim-sno-pence-escorted,1,0.26879924699022106,elastic_search
tweet-sno-1234,Q0,vclaim-sno-hit-the-floor,1,0.2678714135747181,elastic_search
tweet-sno-1355,Q0,vclaim-sno-woman-record-14-kids,1,0.1562418061530351,elastic_search
tweet-sno-1355,Q0,vclaim-sno-flip-or-flop-stars-tarek-and-christina-el-moussa-part-ways,1,0.14374783745584455,elastic_search
tweet-sno-1355,Q0,vclaim-sno-trump-steal-kids-cancer-charity,1,0.13283593956328518,elastic_search
tweet-sno-1355,Q0,vclaim-sno-f-35-vertical-takeoff-flip,1,0.12995291364471523,elastic_search
tweet-sno-1355,Q0,vclaim-sno-botched-abortion-gravestone,1,0.12703951726510468,elastic_search
tweet-sno-1231,Q0,vclaim-sno-is-facebook-charging-a-user-fee,1,0.4300828235711868,elastic_search
tweet-sno-1231,Q0,vclaim-sno-call-112-police-emergency,1,0.3576114743613808,elastic_search
tweet-sno-1231,Q0,vclaim-sno-cell-phone-credit,1,0.3279033974407163,elastic_search
tweet-sno-1231,Q0,vclaim-sno-irl-texts-trafficking,1,0.3037211160403088,elastic_search
tweet-sno-1231,Q0,vclaim-sno-nyc-sanitation-posters,1,0.29401303155657343,elastic_search
tweet-sno-1352,Q0,vclaim-sno-hunter-biden-flipped-fbi,1,0.6275509617295973,elastic_search
tweet-sno-1232,Q0,vclaim-sno-warnock-arrested-capitol-praying,1,0.7137504615546235,elastic_search
tweet-sno-1353,Q0,vclaim-sno-hunter-biden-flipped-fbi,1,0.5747782696399582,elastic_search
tweet-sno-1350,Q0,vclaim-sno-amish-trump-presidential-victory,1,0.2390291657123713,elastic_search
tweet-sno-1350,Q0,vclaim-sno-so-you-think-you-know-donald-trump,1,0.24691869286792476,elastic_search
tweet-sno-1350,Q0,vclaim-sno-never-too-old-to-live-your-dream,1,0.26175937159302776,elastic_search
tweet-sno-1350,Q0,vclaim-sno-trump-discover-know-everything,1,0.2259649415703754,elastic_search
tweet-sno-1350,Q0,vclaim-sno-joe-you-know-i-won-letter-trump,1,0.21162096058757257,elastic_search
tweet-sno-1230,Q0,vclaim-sno-false-donald-trump-has-died-possible-heart-attack,1,0.3413766632680555,elastic_search
tweet-sno-1230,Q0,vclaim-sno-charlie-sheen-death-hoax,1,0.3205547728341689,elastic_search
tweet-sno-1230,Q0,vclaim-sno-chevy-chase-death-hoax,1,0.3108980630976816,elastic_search
tweet-sno-1230,Q0,vclaim-sno-sherri-shepherd-death-hoax,1,0.30969319758427455,elastic_search
tweet-sno-1230,Q0,vclaim-sno-steven-seagal-death-hoax,1,0.3029715887573174,elastic_search
tweet-sno-1351,Q0,vclaim-sno-the-death-of-hef,1,1.6831291777209683,elastic_search
tweet-sno-1351,Q0,vclaim-sno-dont-worry-be-dead,1,1.0774495976180263,elastic_search
tweet-sno-1351,Q0,vclaim-sno-trump-tweet-409k,1,1.0616702693906448,elastic_search
tweet-sno-1351,Q0,vclaim-sno-gay-jesus-film,1,1.0406655676515617,elastic_search
tweet-sno-1351,Q0,vclaim-sno-did-melania-trump-plagiarize-pamphlet,1,0.9956279277088254,elastic_search
tweet-sno-1239,Q0,vclaim-sno-bootleg-pull,1,0.4809225552856825,elastic_search
tweet-sno-1239,Q0,vclaim-sno-bob-barker-dead,1,0.3631345809836285,elastic_search
tweet-sno-1239,Q0,vclaim-sno-nike-afford-let-go,1,0.3446861962222217,elastic_search
tweet-sno-1239,Q0,vclaim-sno-80-trump-ballots-burned,1,0.3388005846125969,elastic_search
tweet-sno-1239,Q0,vclaim-sno-giuliani-rally-speech,1,0.314899335863821,elastic_search
tweet-sno-1237,Q0,vclaim-sno-muslim-woman-told-to-hang-herself-with-hijab-at-walmart,1,0.30346540891923235,elastic_search
tweet-sno-1237,Q0,vclaim-sno-texas-church-shooter-antifa,1,0.24989777056052667,elastic_search
tweet-sno-1237,Q0,vclaim-sno-confederate-flag-capitol-dc,1,0.2335097125195583,elastic_search
tweet-sno-1237,Q0,vclaim-sno-woman-snake-xray,1,0.2321536195491422,elastic_search
tweet-sno-1237,Q0,vclaim-sno-woman-suing-gorilla-glue-hair,1,0.22762593451837446,elastic_search
tweet-sno-1358,Q0,vclaim-sno-fbi-trump-biden-bus,1,0.605341926190234,elastic_search
tweet-sno-1358,Q0,vclaim-sno-armed-trump-fans-biden-bus,1,0.3894588154552105,elastic_search
tweet-sno-1238,Q0,vclaim-sno-elizabeth-knoxville-onion-towel,1,0.46754720347073586,elastic_search
tweet-sno-1359,Q0,vclaim-sno-armed-trump-fans-biden-bus,1,0.3320604652512455,elastic_search
tweet-sno-1235,Q0,vclaim-sno-two-women-save-electoral-votes,1,0.41282973524085376,elastic_search
tweet-sno-1356,Q0,vclaim-sno-hunter-biden-flipped-fbi,1,0.2977187078825716,elastic_search
tweet-sno-1236,Q0,vclaim-sno-trump-riot-camp-auschwitz-shirt,1,0.27251834037492445,elastic_search
tweet-sno-1357,Q0,vclaim-sno-armed-trump-fans-biden-bus,1,0.5447663189833961,elastic_search
tweet-sno-1244,Q0,vclaim-sno-confederate-flag-capitol-dc,1,0.3373541411882529,elastic_search
tweet-sno-1365,Q0,vclaim-sno-taco-bell-mexican-pizza,1,0.2678275362120082,elastic_search
tweet-sno-1245,Q0,vclaim-sno-kevin-seefried-democrat-biden,1,0.5157940783504985,elastic_search
tweet-sno-1245,Q0,vclaim-sno-onlyfans-trump-ban-capitol,1,0.49735081712285123,elastic_search
tweet-sno-1245,Q0,vclaim-sno-clinton-trump-putin-capitol,1,0.48383857546694203,elastic_search
tweet-sno-1245,Q0,vclaim-sno-pence-trump-twitter-jan-6-riots,1,0.4901008630495406,elastic_search
tweet-sno-1245,Q0,vclaim-sno-newspaper-rioters-photo-antifa,1,0.46879027508508997,elastic_search
tweet-sno-1366,Q0,vclaim-sno-taco-bell-mexican-pizza,1,0.4938057200007536,elastic_search
tweet-sno-1242,Q0,vclaim-sno-just-deserts-meaning,1,0.25337096581903784,elastic_search
tweet-sno-1242,Q0,vclaim-sno-pepsi-say-aquafina-tap-water,1,0.24398582499877983,elastic_search
tweet-sno-1242,Q0,vclaim-sno-30-marines-killed-helicopter,1,0.24029537860105432,elastic_search
tweet-sno-1242,Q0,vclaim-sno-pence-trump-twitter-jan-6-riots,1,0.23377631767158977,elastic_search
tweet-sno-1363,Q0,vclaim-sno-taco-bell-mexican-pizza,1,0.27530339075103294,elastic_search
tweet-sno-1243,Q0,vclaim-sno-confederate-flag-capitol-dc,1,0.4746006958731549,elastic_search
tweet-sno-1364,Q0,vclaim-sno-dandelion-kills-cancer,1,0.2556366234482217,elastic_search
tweet-sno-1364,Q0,vclaim-sno-pizza-hut-facebook-scam,1,0.2241699714792088,elastic_search
tweet-sno-1364,Q0,vclaim-sno-tiger-beat,1,0.23357927361862196,elastic_search
tweet-sno-1364,Q0,vclaim-sno-cdc-admits-98-million-got-cancer-polio-vaccine,1,0.21811121758843066,elastic_search
tweet-sno-1364,Q0,vclaim-sno-american-taliban-michael-thompson,1,0.2253301791978475,elastic_search
tweet-sno-1240,Q0,vclaim-sno-national-guard-trump-mob,1,0.853521468400514,elastic_search
tweet-sno-1361,Q0,vclaim-sno-ted-nugent-biden-letter,1,0.36973013135429755,elastic_search
tweet-sno-1361,Q0,vclaim-sno-left-wing-mob-violence,1,0.29546099133029835,elastic_search
tweet-sno-1361,Q0,vclaim-sno-biden-abolish-second-amendment,1,0.2650739675162402,elastic_search
tweet-sno-1361,Q0,vclaim-sno-fake-biden-arrest-warrant,1,0.26504209586867217,elastic_search
tweet-sno-1361,Q0,vclaim-sno-joe-biden-walking-boot-gps,1,0.2632406601045056,elastic_search
tweet-sno-1241,Q0,vclaim-sno-trump-threaten-federal-buildings,1,0.8428809207620221,elastic_search
tweet-sno-1362,Q0,vclaim-sno-sean-connery-trump-golf-course,1,1.0670008358667278,elastic_search
tweet-sno-1360,Q0,vclaim-sno-fbi-trump-biden-bus,1,0.377379041072613,elastic_search
tweet-sno-1360,Q0,vclaim-sno-armed-trump-fans-biden-bus,1,0.3200773857412599,elastic_search
tweet-sno-1248,Q0,vclaim-sno-elvis-and-lisa-marie-christmas,1,0.20988740712838944,elastic_search
tweet-sno-1248,Q0,vclaim-sno-the-death-of-fluffy,1,0.19527415161832132,elastic_search
tweet-sno-1248,Q0,vclaim-sno-tioga-hills-elementary-school-controversy,1,0.18225667863046102,elastic_search
tweet-sno-1248,Q0,vclaim-sno-a-german39s-view-on-islam,1,0.19458236185406133,elastic_search
tweet-sno-1248,Q0,vclaim-sno-sew-shrimp-curtains-revenge,1,0.1697120297917809,elastic_search
tweet-sno-1369,Q0,vclaim-sno-wegmans-facebook-coupon-scam,1,0.45934497584922873,elastic_search
tweet-sno-1369,Q0,vclaim-sno-80-trump-ballots-burned,1,0.4415262125211602,elastic_search
tweet-sno-1369,Q0,vclaim-sno-does-luxottica-own-80-of-the-eyeglass-industry,1,0.43729124362137783,elastic_search
tweet-sno-1369,Q0,vclaim-sno-nike-workers-pay-kaepernick,1,0.43162290059459,elastic_search
tweet-sno-1369,Q0,vclaim-sno-gun-homicides-disputes,1,0.42582002242723177,elastic_search
tweet-sno-1249,Q0,vclaim-sno-icicle-texas-storms,1,0.2600430966876337,elastic_search
tweet-sno-1249,Q0,vclaim-sno-cradle-of-clouds-photo,1,0.26058448382423366,elastic_search
tweet-sno-1249,Q0,vclaim-sno-george-floyd-valentine,1,0.26628684136808234,elastic_search
tweet-sno-1249,Q0,vclaim-sno-puppy-love-2,1,0.24989488500621335,elastic_search
tweet-sno-1249,Q0,vclaim-sno-elvis-and-lisa-marie-christmas,1,0.246338570402043,elastic_search
tweet-sno-1246,Q0,vclaim-sno-cross-erected-capitol-building,1,0.417109504295086,elastic_search
tweet-sno-1367,Q0,vclaim-sno-taco-bell-mexican-pizza,1,0.2920785677293157,elastic_search
tweet-sno-1247,Q0,vclaim-sno-covid-5g-chip-diagram,1,0.5850457723904667,elastic_search
tweet-sno-1368,Q0,vclaim-sno-cheesecake-factory-closing-rumor,1,0.4625980006305382,elastic_search
